{"schemaVersion":"1.0","appDefinitionTemplate":{"id":"/providers/Microsoft.PowerApps/apps/","type":"Microsoft.PowerApps/apps","tags":{"primaryDeviceWidth":"1366","primaryDeviceHeight":"768","sienaVersion":"20210616T154124Z-3.21055.27.0","deviceCapabilities":"","supportsPortrait":"false","supportsLandscape":"true","primaryFormFactor":"Tablet","publisherVersion":"3.21055.27","minimumRequiredApiVersion":"2.2.0","hasComponent":"true","hasUnlockedComponent":"true","isUnifiedRootApp":"false"},"properties":{"appVersion":"2021-06-16T15:41:24Z","lifeCycleId":"Published","createdByClientVersion":{"major":3,"minor":21055,"build":27,"revision":0,"majorRevision":0,"minorRevision":0},"minClientVersion":{"major":3,"minor":21055,"build":27,"revision":0,"majorRevision":0,"minorRevision":0},"backgroundColor":"rgba(0, 176, 240, 1)","backgroundImageUri":"/17611469623451105966/N77ed26b6-6c67-440f-ac53-7d7528cb23e3-logoSmallFile","displayName":"HR App","description":"","commitMessage":"Changed the UI of the Home Page using component.","appUris":{"documentUri":{"value":"/17611469623451105966/N3585c3fe-35d4-4868-acea-1d4e24e1f28c-document.msapp"},"imageUris":[]},"createdTime":"0001-01-01T00:00:00Z","lastModifiedTime":"0001-01-01T00:00:00Z","sharedGroupsCount":0,"sharedUsersCount":0,"icons":{"smallIconUri":"/17611469623451105966/N050dda3b-4d96-43a8-832b-6d91b59a6916-small.png","mediumIconUri":"/17611469623451105966/N537b2bee-db5b-44a2-90fd-1bc6ce23f2f4-medium.png","largeIconUri":"/17611469623451105966/Nba683539-0c23-4dbc-8385-769ccfc90166-large.png","wideIconUri":"/17611469623451105966/Na4a9db98-3d6c-4706-8e22-3a149cab3f6b-wide.png"},"connectionReferences":{"f2619e7e-3a22-416f-b6c7-a703eff4986d":{"id":"f6ec09c2-a4bb-45db-b319-9c4f92ed1deb","displayName":"SharePoint","iconUri":"https://connectoricons-prod.azureedge.net/releases/v1.0.1472/1.0.1472.2427/sharepointonline/icon.png","dataSources":["Resource Requirement Reqs","Recruiters List"],"dependencies":[],"dependents":[],"parameterHints":{},"isOnPremiseConnection":false,"bypassConsent":false,"dataSets":{"https://cloudthat365.sharepoint.com/sites/DemoSIte":{"dataSources":{"Resource Requirement Reqs":{"tableName":"5b460358-7f02-48dc-b66f-1e1b756088bb"},"Recruiters List":{"tableName":"b69fa6b2-1eef-441a-a840-84dafc7e04a1"}}}},"apiTier":"Standard","isCustomApiConnection":false},"f9e43042-8992-4669-802c-71f73c6ae0a1":{"id":"7a29e3ad-d8be-4fe6-bd81-33ef01e52afd","displayName":"Office 365 Users","iconUri":"https://connectoricons-prod.azureedge.net/releases/v1.0.1472/1.0.1472.2427/office365users/icon.png","dataSources":["Office365Users"],"dependencies":[],"dependents":[],"parameterHints":{},"isOnPremiseConnection":false,"bypassConsent":false,"dataSets":{},"apiTier":"Standard","isCustomApiConnection":false},"4d78d036-0e27-45de-b21b-be613c124237":{"id":"7df4d81d-0dae-4234-afd2-e5dfa747aacd","displayName":"Logic flows","iconUri":"https://connectoricons-prod.azureedge.net/releases/v1.0.1438/1.0.1438.2324/logicflows/icon.png","dataSources":["SendforDirectorHR"],"dependencies":["24ee392c-d872-4a9a-a4ac-959fa25dfcb9","18fdd2da-3ecf-42ab-bda8-6c91887a9b27"],"dependents":[],"parameterHints":{"workflowName":{"value":"1a514bbe-b32d-4261-9794-f0c0a5d50fe1"},"workflowEntityId":{},"24ee392c-d872-4a9a-a4ac-959fa25dfcb9":{"value":"shared_approvals"},"18fdd2da-3ecf-42ab-bda8-6c91887a9b27":{"value":"shared_office365"}},"isOnPremiseConnection":false,"bypassConsent":false,"dataSets":{},"apiTier":"Standard","isCustomApiConnection":false,"actions":["Run"]},"24ee392c-d872-4a9a-a4ac-959fa25dfcb9":{"id":"dcf6c27a-519f-49a9-9cc5-f05f1051ec65","displayName":"Approvals","iconUri":"https://connectoricons-prod.azureedge.net/releases/v1.0.1477/1.0.1477.2445/approvals/icon.png","dataSources":[],"dependencies":[],"dependents":["4d78d036-0e27-45de-b21b-be613c124237"],"parameterHints":{},"isOnPremiseConnection":false,"bypassConsent":false,"dataSets":{},"apiTier":"Standard","isCustomApiConnection":false},"18fdd2da-3ecf-42ab-bda8-6c91887a9b27":{"id":"bd9b5317-5212-4d14-a64c-51dd2b7d5da4","displayName":"Office 365 Outlook","iconUri":"https://connectoricons-prod.azureedge.net/releases/v1.0.1471/1.0.1471.2427/office365/icon.png","dataSources":[],"dependencies":[],"dependents":["4d78d036-0e27-45de-b21b-be613c124237"],"parameterHints":{},"isOnPremiseConnection":false,"bypassConsent":false,"dataSets":{},"apiTier":"Standard","isCustomApiConnection":false}},"databaseReferences":{},"almMode":"Environment","performanceOptimizationEnabled":true,"canConsumeAppPass":true,"executionRestrictions":{"isTeamsOnly":false,"dataLossPreventionEvaluationResult":{"status":"Compliant","lastEvaluationDate":"2021-06-15T16:44:08.5916685Z","violations":[],"violationsByPolicy":[],"violationErrorMessage":"The app uses the following connectors: shared_sharepointonline."}}},"appType":"ClassicCanvasApp","appComponents":[]}}