{"name":"ada855bb-ec1e-4bbb-9c41-d03ac1ec6d80","id":"/providers/Microsoft.Flow/flows/ada855bb-ec1e-4bbb-9c41-d03ac1ec6d80","type":"Microsoft.Flow/flows","properties":{"apiId":"/providers/Microsoft.PowerApps/apis/shared_logicflows","displayName":"Send for Director HR","definition":{"metadata":{"workflowEntityId":null,"processAdvisorMetadata":null,"flowclientsuspensionreason":"None","flowclientsuspensiontime":null,"creator":{"id":"905a8740-5b42-46d1-8eea-1b6c80e09a3a","type":"User","tenantId":"815db2f7-1e3a-438f-8bdd-e55de825adee"},"provisioningMethod":"FromDefinition","failureAlertSubscription":true,"clientLastModifiedTime":"2021-06-16T14:20:50.046416Z"},"$schema":"https://schema.management.azure.com/providers/Microsoft.Logic/schemas/2016-06-01/workflowdefinition.json#","contentVersion":"1.0.0.0","parameters":{"$connections":{"defaultValue":{},"type":"Object"},"$authentication":{"defaultValue":{},"type":"SecureObject"}},"triggers":{"manual":{"type":"Request","kind":"PowerApp","inputs":{"schema":{"type":"object","properties":{"Startandwaitforanapproval_Title":{"type":"string","description":"Create a title for the approval","x-ms-powerflows-param-ispartial":false},"Startandwaitforanapproval_Requestor":{"type":"string","description":"Add the email of the person generating this request. This parameter is used as part of \"949A4BCF-D575-4394-954B-52371815E472\"","x-ms-powerflows-param-ispartial":true},"Startandwaitforanapproval_Details":{"type":"string","description":"Markdown supported (see https://aka.ms/approvaldetails)","x-ms-powerflows-param-ispartial":false}},"required":["Startandwaitforanapproval_Title","Startandwaitforanapproval_Requestor","Startandwaitforanapproval_Details"]}}}},"actions":{"Start_and_wait_for_an_approval":{"runAfter":{},"type":"OpenApiConnectionWebhook","inputs":{"host":{"apiId":"/providers/Microsoft.PowerApps/apis/shared_approvals","connectionName":"shared_approvals","operationId":"StartAndWaitForAnApproval"},"parameters":{"approvalType":"BasicAwaitAll","WebhookApprovalCreationInput/title":"@triggerBody()['Startandwaitforanapproval_Title']","WebhookApprovalCreationInput/assignedTo":"swastir@cloudthat.com;","WebhookApprovalCreationInput/details":"@triggerBody()['Startandwaitforanapproval_Details']","WebhookApprovalCreationInput/requestor":"@{triggerBody()['Startandwaitforanapproval_Requestor']};","WebhookApprovalCreationInput/enableNotifications":true,"WebhookApprovalCreationInput/enableReassignment":true},"authentication":{"value":"@json(decodeBase64(triggerOutputs().headers['X-MS-APIM-Tokens']))['$ConnectionKey']","type":"Raw"}}},"Condition":{"actions":{"Apply_to_each":{"foreach":"@outputs('Start_and_wait_for_an_approval')?['body/responses']","actions":{"Send_an_email_(V2)":{"runAfter":{},"type":"OpenApiConnection","inputs":{"host":{"apiId":"/providers/Microsoft.PowerApps/apis/shared_office365","connectionName":"shared_office365","operationId":"SendEmailV2"},"parameters":{"emailMessage/To":"@triggerBody()['Startandwaitforanapproval_Requestor']","emailMessage/Subject":"@triggerBody()['Startandwaitforanapproval_Title']","emailMessage/Body":"<p>Hi,<br>\n<br>\nYour request has been approved. Please carry on with the Resource hiring.<br>\nAppover Comments: @{items('Apply_to_each')?['comments']}<br>\n<br>\nRegards<br>\nTeam HR.</p>"},"authentication":{"value":"@json(decodeBase64(triggerOutputs().headers['X-MS-APIM-Tokens']))['$ConnectionKey']","type":"Raw"}}}},"runAfter":{},"type":"Foreach"}},"runAfter":{"Start_and_wait_for_an_approval":["Succeeded"]},"else":{"actions":{"Apply_to_each_2":{"foreach":"@outputs('Start_and_wait_for_an_approval')?['body/responses']","actions":{"Send_an_email_(V2)_2":{"runAfter":{},"type":"OpenApiConnection","inputs":{"host":{"apiId":"/providers/Microsoft.PowerApps/apis/shared_office365","connectionName":"shared_office365","operationId":"SendEmailV2"},"parameters":{"emailMessage/To":"@triggerBody()['Startandwaitforanapproval_Requestor']","emailMessage/Subject":"@triggerBody()['Startandwaitforanapproval_Title']","emailMessage/Body":"<p>Hi,<br>\n<br>\nUnfortunately, the reuqest has been rejected by HR Director.<br>\nApprover Comments: @{items('Apply_to_each_2')?['comments']}<br>\n<br>\nRegards<br>\nTeam HR</p>"},"authentication":{"value":"@json(decodeBase64(triggerOutputs().headers['X-MS-APIM-Tokens']))['$ConnectionKey']","type":"Raw"}}}},"runAfter":{},"type":"Foreach"}}},"expression":{"equals":["@outputs('Start_and_wait_for_an_approval')?['body/outcome']","Approve"]},"type":"If"}}},"connectionReferences":{"shared_approvals":{"connectionName":"shared-approvals-92d62567-a062-4f9f-a63f-ba6b-fffd870b","source":"Invoker","id":"/providers/Microsoft.PowerApps/apis/shared_approvals","tier":"NotSpecified"},"shared_office365":{"connectionName":"shared-office365-6c644ea5-5a4f-4ef0-9d35-ebda-8f4511e2","source":"Invoker","id":"/providers/Microsoft.PowerApps/apis/shared_office365","tier":"NotSpecified"}},"flowFailureAlertSubscribed":false}}